<?xml version="1.0" encoding="UTF-8" standalone="yes"?>
<service xmlns="http://www.activegrid.com/namespaces/ServiceDefinitions/1.0" springFile="gurudb.spring.xml" type="DataService" CRUDService="true" class="com.Gurudb" id="gurudb">
    <operation name="purchaseByCustomer">
        <return isList="true" typeRef="com.data.output.PurchaseByCustomerRtnType"/>
    </operation>
    <operation name="updatePurchase">
        <parameter isList="false" typeRef="java.lang.Integer" name="newvaluevar"/>
        <parameter isList="false" typeRef="java.lang.Integer" name="orderidvar"/>
        <return isList="false" typeRef="java.lang.Integer"/>
    </operation>
    <operation name="getCustomerById">
        <parameter isList="false" typeRef="java.lang.Integer" name="id"/>
        <return isList="false" typeRef="com.data.Customer"/>
    </operation>
    <dataobjects>
        <dataobject supportsQuickData="true" javaType="com.data.Customer">
            <element allowNull="false" isList="false" typeRef="java.lang.Integer" name="custid">
                <require>delete</require>
                <require>read</require>
                <require>update</require>
                <noChange>delete</noChange>
                <noChange>read</noChange>
                <noChange>update</noChange>
                <exclude>insert</exclude>
            </element>
            <element allowNull="true" isList="false" typeRef="java.lang.String" name="name"/>
            <element allowNull="true" isList="false" typeRef="java.lang.String" name="state"/>
            <element allowNull="true" isList="false" typeRef="java.lang.String" name="description"/>
            <element allowNull="true" isList="false" typeRef="com.data.Customer" name="customer"/>
            <element allowNull="true" isList="true" typeRef="com.data.Customer" name="customers"/>
            <element allowNull="true" isList="true" typeRef="com.data.Purchase" name="purchases"/>
        </dataobject>
        <dataobject supportsQuickData="true" javaType="com.data.Purchase">
            <element allowNull="false" isList="false" typeRef="java.lang.Integer" name="orderid">
                <require>delete</require>
                <require>read</require>
                <require>update</require>
                <noChange>delete</noChange>
                <noChange>read</noChange>
                <noChange>update</noChange>
                <exclude>insert</exclude>
            </element>
            <element allowNull="false" isList="false" typeRef="java.util.Date" name="orderdate"/>
            <element allowNull="true" isList="false" typeRef="java.lang.Integer" name="ordervalue"/>
            <element allowNull="false" isList="false" typeRef="com.data.Customer" name="customer"/>
        </dataobject>
        <dataobject supportsQuickData="false" javaType="com.data.output.PurchaseByCustomerRtnType">
            <element allowNull="false" isList="false" typeRef="java.lang.String" name="name"/>
            <element allowNull="false" isList="false" typeRef="java.lang.Long" name="value"/>
        </dataobject>
    </dataobjects>
</service>
