<?xml version="1.0" encoding="UTF-8"?>
<!DOCTYPE beans PUBLIC "-//SPRING//DTD BEAN//EN" "http://www.springframework.org/dtd/spring-beans-2.0.dtd">

<!--
  - Server application context definition for "springapp" DispatcherServlet.
  -->

<beans>
    <import resource="classpath:springapp.xml"/>

    <import resource="project-config.xml"/>
    <import resource="project-services.xml"/>
    <import resource="project-managers.xml"/>
    <import resource="project-security.xml"/>
    <import resource="project-spring.xml"/>

    <bean id="urlMapping"
        class="org.springframework.web.servlet.handler.SimpleUrlHandlerMapping">
        <property name="mappings">
            <value>
                /**/*.json=agJSONController
				/**/*.download=agFileDownloadController
				/**/*.upload=agFileUploadController
				/modules/**=wmModuleController
            </value>
        </property>
        <property name="alwaysUseFullPath" value="true" />
    </bean>
</beans>
