<?xml version="1.0" encoding="UTF-8" standalone="yes"?>
<service xmlns="http://www.activegrid.com/namespaces/ServiceDefinitions/1.0" springFile="FeedService.spring.xml" type="WebService" CRUDService="false" class="com.wavemaker.runtime.ws.SyndFeedService" id="FeedService">
    <operation name="getFeedWithHttpConfig">
        <parameter isList="false" typeRef="java.lang.String" name="feedURL"/>
        <parameter isList="false" typeRef="java.lang.String" name="httpBasicAuthUsername"/>
        <parameter isList="false" typeRef="java.lang.String" name="httpBasicAuthPassword"/>
        <parameter isList="false" typeRef="int" name="connectionTimeout"/>
        <return isList="false" typeRef="com.wavemaker.runtime.ws.Feed"/>
    </operation>
    <operation name="getFeed">
        <parameter isList="false" typeRef="java.lang.String" name="feedURL"/>
        <return isList="false" typeRef="com.wavemaker.runtime.ws.Feed"/>
    </operation>
    <dataobjects>
        <dataobject supportsQuickData="false" name="Feed" javaType="com.wavemaker.runtime.ws.Feed">
            <element allowNull="false" isList="false" typeRef="java.lang.String" name="author"/>
            <element allowNull="false" isList="false" typeRef="java.lang.String" name="copyright"/>
            <element allowNull="false" isList="false" typeRef="java.lang.String" name="description"/>
            <element allowNull="false" isList="false" typeRef="com.sun.syndication.feed.synd.SyndContent" name="descriptionEx"/>
            <element allowNull="false" isList="false" typeRef="java.lang.String" name="encoding"/>
            <element allowNull="false" isList="true" typeRef="com.wavemaker.runtime.ws.Entry" name="entries"/>
            <element allowNull="false" isList="false" typeRef="java.lang.String" name="feedType"/>
            <element allowNull="false" isList="false" typeRef="com.sun.syndication.feed.synd.SyndImage" name="image"/>
            <element allowNull="false" isList="false" typeRef="java.lang.String" name="language"/>
            <element allowNull="false" isList="false" typeRef="java.lang.String" name="link"/>
            <element allowNull="false" isList="true" typeRef="com.sun.syndication.feed.synd.SyndLink" name="links"/>
            <element allowNull="false" isList="false" typeRef="java.util.Date" name="publishedDate"/>
            <element allowNull="false" isList="false" typeRef="java.lang.String" name="title"/>
            <element allowNull="false" isList="false" typeRef="com.sun.syndication.feed.synd.SyndContent" name="titleEx"/>
            <element allowNull="false" isList="false" typeRef="java.lang.String" name="uri"/>
        </dataobject>
        <dataobject supportsQuickData="false" name="Entry" javaType="com.wavemaker.runtime.ws.Entry">
            <element allowNull="false" isList="false" typeRef="java.lang.String" name="author"/>
            <element allowNull="false" isList="true" typeRef="com.sun.syndication.feed.synd.SyndContent" name="contents"/>
            <element allowNull="false" isList="false" typeRef="com.sun.syndication.feed.synd.SyndContent" name="description"/>
            <element allowNull="false" isList="false" typeRef="java.lang.String" name="link"/>
            <element allowNull="false" isList="true" typeRef="com.sun.syndication.feed.synd.SyndLink" name="links"/>
            <element allowNull="false" isList="false" typeRef="java.util.Date" name="publishedDate"/>
            <element allowNull="false" isList="false" typeRef="java.lang.String" name="title"/>
            <element allowNull="false" isList="false" typeRef="com.sun.syndication.feed.synd.SyndContent" name="titleEx"/>
            <element allowNull="false" isList="false" typeRef="java.util.Date" name="updatedDate"/>
            <element allowNull="false" isList="false" typeRef="java.lang.String" name="uri"/>
        </dataobject>
        <dataobject supportsQuickData="false" name="SyndLink" javaType="com.sun.syndication.feed.synd.SyndLink">
            <element allowNull="false" isList="false" typeRef="java.lang.String" name="href"/>
            <element allowNull="false" isList="false" typeRef="java.lang.String" name="hreflang"/>
            <element allowNull="false" isList="false" typeRef="long" name="length"/>
            <element allowNull="false" isList="false" typeRef="java.lang.String" name="rel"/>
            <element allowNull="false" isList="false" typeRef="java.lang.String" name="title"/>
            <element allowNull="false" isList="false" typeRef="java.lang.String" name="type"/>
        </dataobject>
        <dataobject supportsQuickData="false" name="SyndContent" javaType="com.sun.syndication.feed.synd.SyndContent">
            <element allowNull="false" isList="false" typeRef="java.lang.String" name="mode"/>
            <element allowNull="false" isList="false" typeRef="java.lang.String" name="type"/>
            <element allowNull="false" isList="false" typeRef="java.lang.String" name="value"/>
        </dataobject>
        <dataobject supportsQuickData="false" name="SyndImage" javaType="com.sun.syndication.feed.synd.SyndImage">
            <element allowNull="false" isList="false" typeRef="java.lang.String" name="description"/>
            <element allowNull="false" isList="false" typeRef="java.lang.String" name="link"/>
            <element allowNull="false" isList="false" typeRef="java.lang.String" name="title"/>
            <element allowNull="false" isList="false" typeRef="java.lang.String" name="url"/>
        </dataobject>
    </dataobjects>
</service>
