<!DOCTYPE hibernate-mapping PUBLIC "-//Hibernate/Hibernate Mapping DTD 3.0//EN" "http://hibernate.sourceforge.net/hibernate-mapping-3.0.dtd">
<hibernate-mapping>
    <class name="com.data.Customer" table="CUSTOMER" schema="PUBLIC" dynamic-insert="false" dynamic-update="false">
        <id name="custid" type="integer">
            <column name="CUSTID"/>
            <generator class="identity"/>
        </id>
        <property name="name" type="string">
            <column name="NAME" length="50"/>
        </property>
        <property name="state" type="string">
            <column name="STATE" length="2"/>
        </property>
        <property name="description" type="string">
            <column name="DESCRIPTION" length="200"/>
        </property>
        <many-to-one name="customer" class="com.data.Customer" cascade="none">
            <column name="PARENTCO"/>
        </many-to-one>
        <set name="customers" inverse="true">
            <key>
                <column name="PARENTCO"/>
            </key>
            <one-to-many class="com.data.Customer"/>
        </set>
        <set name="purchases" inverse="true">
            <key>
                <column name="CUSTOMERNUMBER" not-null="true"/>
            </key>
            <one-to-many class="com.data.Purchase"/>
        </set>
    </class>
</hibernate-mapping>