<!DOCTYPE hibernate-mapping PUBLIC "-//Hibernate/Hibernate Mapping DTD 3.0//EN" "http://hibernate.sourceforge.net/hibernate-mapping-3.0.dtd">
<hibernate-mapping>
    <class name="com.data.Purchase" table="PURCHASE" schema="PUBLIC" dynamic-insert="false" dynamic-update="false">
        <id name="orderid" type="integer">
            <column name="ORDERID"/>
            <generator class="identity"/>
        </id>
        <property name="orderdate" type="date">
            <column name="ORDERDATE" not-null="true"/>
        </property>
        <property name="ordervalue" type="integer">
            <column name="ORDERVALUE"/>
        </property>
        <many-to-one name="customer" class="com.data.Customer" cascade="none">
            <column name="CUSTOMERNUMBER" not-null="true"/>
        </many-to-one>
    </class>
</hibernate-mapping>