<?xml version="1.0"?>

<!-- Generated 11/17/2009 11:54:35

Configuration for 'gurudb' database service

-->

<beans xmlns="http://www.springframework.org/schema/beans"
       xmlns:xsi="http://www.w3.org/2001/XMLSchema-instance"
       xmlns:util="http://www.springframework.org/schema/util"
       xsi:schemaLocation="http://www.springframework.org/schema/beans http://www.springframework.org/schema/beans/spring-beans-2.0.xsd http://www.springframework.org/schema/util http://www.springframework.org/schema/util/spring-util-2.0.xsd">


    <bean 
        id="gurudb"
        class="com.Gurudb"
        scope="singleton"
        lazy-init="true">
        <property name="dataServiceManager">
            <ref bean="gurudbDataService"/>
        </property>
        <property name="taskManager">
            <ref bean="gurudbTaskMgr"/>
        </property>
    </bean>


    <bean 
        class="com.wavemaker.runtime.data.spring.WMPropertyPlaceholderConfigurer">
        <property name="ignoreUnresolvablePlaceholders" value="true"/>
        <property name="locations">
            <list>
                <value>classpath:gurudb.properties</value>
            </list>
        </property>
    </bean>


    <bean 
        id="gurudbDataSource" 
        class="org.springframework.jdbc.datasource.DriverManagerDataSource" 
        lazy-init="true">
        <property name="driverClassName" value="${gurudb.driverClassName}"/>
        <property name="url" value="${gurudb.connectionUrl}"/>
        <property name="username" value="${gurudb.username}"/>
        <property name="password" value="${gurudb.password}"/>
    </bean>


    <bean 
        id="gurudbTxMgr" 
        class="org.springframework.orm.hibernate3.HibernateTransactionManager"
        lazy-init="true">
        <property name="sessionFactory">
            <ref bean="gurudbSessionFactory"/>
        </property>
    </bean>


    <bean 
        id="gurudbHibernateTemplate"
        class="org.springframework.orm.hibernate3.HibernateTemplate"
        lazy-init="true">
        <property name="sessionFactory"> 
            <ref bean="gurudbSessionFactory"/>
        </property>
    </bean>  


    <bean 
        id="gurudbSessionFactory" 
        class="com.wavemaker.runtime.data.spring.ConfigurationAndSessionFactoryBean"
        lazy-init="true">

        <!-- A unique name for this SessionFactory's configuration -->
        <property name="name" value="gurudb"/>
        <property name="dataSource" ref="gurudbDataSource"/>

        <property name="hibernateProperties">
            <props>
                <prop key="hibernate.dialect">${gurudb.dialect}</prop>
                <prop key="hibernate.transaction.factory_class">
                    org.hibernate.transaction.JDBCTransactionFactory
                </prop>
                <prop key="hibernate.current_session_context_class">thread</prop>
            </props> 
        </property>

        <property name="mappingResources">
            <list>

<value>com/data/Customer.hbm.xml</value>
<value>com/data/Purchase.hbm.xml</value>

<value>com/data/Customer.ql.xml</value>
<value>com/data/app-queries.ql.xml</value>

            </list>
        </property>

    </bean>


    <!-- the data service bean instance is injected into the service bean -->
    <bean 
        id="gurudbDataService" 
        class="com.wavemaker.runtime.data.spring.SpringDataServiceManager"
        lazy-init="true">
        <constructor-arg>
            <!-- the value of the "name" property of the SessionFactory -->
            <value>gurudb</value>
        </constructor-arg>
        <constructor-arg>
            <ref bean="gurudbHibernateTemplate"/>
        </constructor-arg>
        <constructor-arg>
            <ref bean="gurudbTxMgr"/>
        </constructor-arg>
        <constructor-arg>
            <ref bean="gurudbTaskMgr"/>
        </constructor-arg>
        <constructor-arg>
            <map>
                <entry key="useIndividualCRUDOperations" value="false"/>
                <entry key="refreshEntities" value=""/> 
            </map>
        </constructor-arg>
    </bean>


    <bean 
        id="gurudbTaskMgr"
        class="com.wavemaker.runtime.data.DefaultTaskManager"
        lazy-init="true"/>

    <bean class="com.wavemaker.runtime.service.events.EventWire"
        lazy-init="false">
        <property name="serviceWire" ref="gurudbServiceWire"/>
        <property name="eventListener">
            <bean class="com.wavemaker.runtime.data.DataServiceEventListener"/>
        </property>
    </bean>

    <bean id="gurudbServiceWire"
        class="com.wavemaker.runtime.service.reflect.ReflectServiceWire"
        lazy-init="false" scope="singleton">
        <property name="serviceId" value="gurudb"/>
        <property name="serviceType" ref="DataService"/>
    </bean>

</beans>
